"AvailabilityZone","BilledCost","BillingAccountId","BillingAccountName","BillingAccountType","BillingCurrency","BillingPeriodEnd","BillingPeriodStart","CapacityReservationId","CapacityReservationStatus","ChargeCategory","ChargeClass","ChargeDescription","ChargeFrequency","ChargePeriodEnd","ChargePeriodStart","CommitmentDiscountCategory","CommitmentDiscountId","CommitmentDiscountName","CommitmentDiscountQuantity","CommitmentDiscountStatus","CommitmentDiscountType","CommitmentDiscountUnit","ConsumedQuantity","ConsumedUnit","ContractedCost","ContractedUnitPrice","EffectiveCost","InvoiceId","InvoiceIssuerName","ListCost","ListUnitPrice","PricingCategory","PricingCurrency","PricingCurrencyContractedUnitPrice","PricingCurrencyEffectiveCost","PricingCurrencyListUnitPrice","PricingQuantity","PricingUnit","ProviderName","PublisherName","RegionId","RegionName","ResourceId","ResourceName","ResourceType","ServiceCategory","ServiceName","ServiceSubcategory","SkuId","SkuMeter","SkuPriceDetails","SkuPriceId","SubAccountId","SubAccountName","SubAccountType","Tags"
"analytics-availabilityzone-1",852.465793,"storage-billingaccountid-1","network-billingaccountname-1","serverless-billingaccounttype-1","instance-billingcurrency-1",2024-06-07 21:44:18,2024-03-15 16:36:00,"instance-capacityreservationid-1",NULL,"Tax",NULL,"compute-chargedescription-1","One-Time",2024-10-15 00:10:50,2024-06-23 07:26:02,NULL,"container-commitmentdiscountid-1","serverless-commitmentdiscountname-1",303.629634,"Unused","network-commitmentdiscounttype-1","compute-commitmentdiscountunit-1",680.768932,"compute-consumedunit-1",943.735247,137.298408,-110.943166,"analytics-invoiceid-1","serverless-invoiceissuername-1",-899.557973,934.867732,"Committed","container-pricingcurrency-1",120.592573,562.800215,578.453024,596.239104,"network-pricingunit-1","analytics-providername-1","instance-publishername-1","volume-regionid-1","analytics-regionname-1","network-resourceid-1",NULL,"database-resourcetype-1","Networking","volume-servicename-1","Analytics","instance-skuid-1",NULL,NULL,"storage-skupriceid-1","serverless-subaccountid-1","analytics-subaccountname-1","serverless-subaccounttype-1","{""key"":""value-1""}"
"serverless-availabilityzone-2",886.878866,"gateway-billingaccountid-2","storage-billingaccountname-2","instance-billingaccounttype-2","database-billingcurrency-2",2024-01-21 15:52:54,2024-03-17 11:11:02,"gateway-capacityreservationid-2","Used","Purchase",NULL,"volume-chargedescription-2","Recurring",2024-12-05 04:33:17,2024-05-13 10:41:23,"Usage","analytics-commitmentdiscountid-2","container-commitmentdiscountname-2",235.407009,"Used","network-commitmentdiscounttype-2","serverless-commitmentdiscountunit-2",124.912165,NULL,577.535841,379.930077,712.049846,"analytics-invoiceid-2","storage-invoiceissuername-2",867.630352,894.506015,"Standard","instance-pricingcurrency-2",389.643611,984.491041,843.192817,-53.544628,"container-pricingunit-2","serverless-providername-2","gateway-publishername-2","instance-regionid-2","instance-regionname-2","container-resourceid-2","analytics-resourcename-2","serverless-resourcetype-2","Multicloud","volume-servicename-2","Media","instance-skuid-2","database-skumeter-2",NULL,NULL,NULL,"gateway-subaccountname-2","instance-subaccounttype-2","{""key"":""value-2""}"
"storage-availabilityzone-3",273.101058,"compute-billingaccountid-3","analytics-billingaccountname-3","container-billingaccounttype-3","gateway-billingcurrency-3",2024-10-22 04:39:31,2024-06-14 11:25:19,"storage-capacityreservationid-3","Used","Tax","Correction","storage-chargedescription-3","One-Time",2024-02-27 01:52:25,2024-07-03 19:03:22,"Usage","compute-commitmentdiscountid-3","gateway-commitmentdiscountname-3",796.383428,"Unused","compute-commitmentdiscounttype-3",NULL,NULL,"serverless-consumedunit-3",668.364910,22.132868,396.763791,"instance-invoiceid-3","container-invoiceissuername-3",204.966030,266.253427,"Other","serverless-pricingcurrency-3",809.917486,494.028529,687.277049,546.014195,"gateway-pricingunit-3","database-providername-3","serverless-publishername-3","instance-regionid-3","instance-regionname-3","instance-resourceid-3","database-resourcename-3","instance-resourcetype-3","Media","instance-servicename-3","Migration","network-skuid-3","analytics-skumeter-3",NULL,"serverless-skupriceid-3","gateway-subaccountid-3","storage-subaccountname-3","volume-subaccounttype-3","{""key"":""value-3""}"
"compute-availabilityzone-4",499.906675,"serverless-billingaccountid-4","analytics-billingaccountname-4","serverless-billingaccounttype-4","gateway-billingcurrency-4",2024-07-02 04:05:07,2024-05-24 20:41:05,NULL,"Unused","Purchase","Correction","instance-chargedescription-4","Recurring",2024-02-18 05:28:16,2024-04-21 12:29:35,NULL,"serverless-commitmentdiscountid-4","storage-commitmentdiscountname-4",NULL,NULL,"network-commitmentdiscounttype-4","volume-commitmentdiscountunit-4",840.004695,"compute-consumedunit-4",734.710449,204.437111,785.484339,NULL,"compute-invoiceissuername-4",772.554370,792.121023,"Other","storage-pricingcurrency-4",674.618727,770.164706,NULL,602.787996,"volume-pricingunit-4","container-providername-4","gateway-publishername-4",NULL,"container-regionname-4","compute-resourceid-4","gateway-resourcename-4","network-resourcetype-4","Storage","analytics-servicename-4","Compute","container-skuid-4","instance-skumeter-4",NULL,NULL,NULL,"network-subaccountname-4","container-subaccounttype-4","{""key"":""value-4""}"
"serverless-availabilityzone-5",158.358699,"instance-billingaccountid-5","network-billingaccountname-5","container-billingaccounttype-5","gateway-billingcurrency-5",2024-06-14 06:29:02,2024-11-11 10:15:30,NULL,"Used","Adjustment","Correction","compute-chargedescription-5","Recurring",2024-07-14 12:28:27,2024-07-01 16:00:41,"Spend","volume-commitmentdiscountid-5","serverless-commitmentdiscountname-5",-462.120564,"Used","analytics-commitmentdiscounttype-5","storage-commitmentdiscountunit-5",595.071314,"analytics-consumedunit-5",8.258065,NULL,516.079801,"container-invoiceid-5","serverless-invoiceissuername-5",851.928215,979.469476,"Other","instance-pricingcurrency-5",89.247508,34.778164,679.187175,327.629457,"volume-pricingunit-5","serverless-providername-5","network-publishername-5","database-regionid-5","compute-regionname-5",NULL,"serverless-resourcename-5","serverless-resourcetype-5","Other","analytics-servicename-5","Networking","compute-skuid-5","instance-skumeter-5",NULL,"container-skupriceid-5","analytics-subaccountid-5","instance-subaccountname-5","database-subaccounttype-5","{""key"":""value-5""}"
"volume-availabilityzone-6",172.680132,"compute-billingaccountid-6","gateway-billingaccountname-6","analytics-billingaccounttype-6","container-billingcurrency-6",2024-11-11 14:10:58,2024-03-20 16:34:32,"instance-capacityreservationid-6","Used","Usage",NULL,"compute-chargedescription-6","One-Time",2024-07-02 17:38:00,2024-05-24 08:11:44,"Spend","container-commitmentdiscountid-6","container-commitmentdiscountname-6",588.157866,"Used",NULL,"gateway-commitmentdiscountunit-6",923.300859,"container-consumedunit-6",338.224556,891.193732,693.173784,"container-invoiceid-6","volume-invoiceissuername-6",233.299506,982.661843,"Other",NULL,603.489347,250.605904,945.723312,512.470971,"network-pricingunit-6","volume-providername-6","serverless-publishername-6","container-regionid-6","analytics-regionname-6","container-resourceid-6","serverless-resourcename-6","instance-resourcetype-6","Media","instance-servicename-6","Integration","analytics-skuid-6","serverless-skumeter-6",NULL,"analytics-skupriceid-6","compute-subaccountid-6","database-subaccountname-6","compute-subaccounttype-6",NULL
"network-availabilityzone-7",43.001130,"serverless-billingaccountid-7",NULL,"gateway-billingaccounttype-7","network-billingcurrency-7",2024-04-18 08:20:36,2024-06-23 02:11:20,"instance-capacityreservationid-7","Used","Usage","Correction","volume-chargedescription-7","Recurring",2024-05-05 21:34:10,2024-01-25 02:32:31,"Usage","serverless-commitmentdiscountid-7","volume-commitmentdiscountname-7",87.977540,"Used","container-commitmentdiscounttype-7","database-commitmentdiscountunit-7",336.036721,"instance-consumedunit-7",238.325391,516.707592,728.843262,"volume-invoiceid-7","network-invoiceissuername-7",-429.009913,48.373539,NULL,"gateway-pricingcurrency-7",451.416997,997.040283,348.530913,291.520627,"storage-pricingunit-7","instance-providername-7","database-publishername-7",NULL,"compute-regionname-7","container-resourceid-7",NULL,"instance-resourcetype-7","Compute","instance-servicename-7","Compute","analytics-skuid-7","compute-skumeter-7",NULL,"compute-skupriceid-7","analytics-subaccountid-7","compute-subaccountname-7","gateway-subaccounttype-7","{""key"":""value-7""}"
NULL,189.999761,"gateway-billingaccountid-8","instance-billingaccountname-8","instance-billingaccounttype-8","network-billingcurrency-8",2024-09-15 19:12:00,2024-11-26 22:13:08,NULL,"Unused","Credit",NULL,"serverless-chargedescription-8","Usage-Based",2024-01-24 05:31:22,2024-01-08 21:59:33,"Spend","compute-commitmentdiscountid-8","database-commitmentdiscountname-8",949.524824,NULL,"network-commitmentdiscounttype-8",NULL,543.841010,"container-consumedunit-8",63.962660,623.954474,417.471133,"analytics-invoiceid-8","storage-invoiceissuername-8",938.711282,606.505197,"Committed","analytics-pricingcurrency-8",429.031284,80.586825,648.484365,854.640235,"storage-pricingunit-8","analytics-providername-8","serverless-publishername-8","storage-regionid-8","volume-regionname-8","volume-resourceid-8","compute-resourcename-8","instance-resourcetype-8","Developer Tools","analytics-servicename-8","Networking","gateway-skuid-8","volume-skumeter-8",NULL,NULL,"gateway-subaccountid-8","network-subaccountname-8","database-subaccounttype-8","{""key"":""value-8""}"
"compute-availabilityzone-9",709.183759,"network-billingaccountid-9",NULL,"gateway-billingaccounttype-9","compute-billingcurrency-9",2024-09-16 10:20:38,2024-08-09 18:52:44,"analytics-capacityreservationid-9","Unused","Adjustment","Correction","network-chargedescription-9","Usage-Based",2024-05-06 15:47:33,2024-12-25 21:35:30,"Usage","compute-commitmentdiscountid-9","compute-commitmentdiscountname-9",NULL,"Used","storage-commitmentdiscounttype-9","volume-commitmentdiscountunit-9",716.805791,"network-consumedunit-9",824.637719,58.598421,722.850230,"analytics-invoiceid-9","network-invoiceissuername-9",616.299171,892.592770,"Committed","container-pricingcurrency-9",407.362841,-819.139254,718.636222,242.811266,"database-pricingunit-9","container-providername-9","instance-publishername-9","database-regionid-9","compute-regionname-9","volume-resourceid-9","container-resourcename-9","storage-resourcetype-9","Analytics","instance-servicename-9","Databases","volume-skuid-9","network-skumeter-9",NULL,"network-skupriceid-9","instance-subaccountid-9","serverless-subaccountname-9","gateway-subaccounttype-9","{""key"":""value-9""}"
"analytics-availabilityzone-10",592.907141,"analytics-billingaccountid-10","analytics-billingaccountname-10","serverless-billingaccounttype-10","network-billingcurrency-10",2024-09-23 14:08:19,2024-03-25 02:31:45,"compute-capacityreservationid-10","Used","Credit","Correction","container-chargedescription-10","Recurring",2024-11-28 04:00:49,2024-10-15 01:16:14,"Spend",NULL,"serverless-commitmentdiscountname-10",733.343728,"Unused","gateway-commitmentdiscounttype-10","database-commitmentdiscountunit-10",59.682352,"network-consumedunit-10",968.824945,977.761511,242.652099,NULL,"database-invoiceissuername-10",516.120485,760.691172,"Other","instance-pricingcurrency-10",600.856270,374.647822,NULL,200.125671,"serverless-pricingunit-10","network-providername-10","gateway-publishername-10","compute-regionid-10",NULL,"volume-resourceid-10","database-resourcename-10","instance-resourcetype-10","Networking","network-servicename-10","Developer Tools","container-skuid-10","gateway-skumeter-10",NULL,"instance-skupriceid-10","gateway-subaccountid-10","network-subaccountname-10","network-subaccounttype-10","{""key"":""value-10""}"
"container-availabilityzone-11",822.067255,"volume-billingaccountid-11","gateway-billingaccountname-11","storage-billingaccounttype-11","storage-billingcurrency-11",2024-07-25 09:49:03,2024-01-18 09:07:37,"network-capacityreservationid-11",NULL,"Usage","Correction","instance-chargedescription-11","Recurring",2024-06-10 12:13:15,2024-09-14 11:58:32,NULL,"container-commitmentdiscountid-11","storage-commitmentdiscountname-11",NULL,"Unused","network-commitmentdiscounttype-11","analytics-commitmentdiscountunit-11",339.772772,"compute-consumedunit-11",495.266740,NULL,23.948361,"analytics-invoiceid-11","volume-invoiceissuername-11",877.897599,633.911793,"Other","serverless-pricingcurrency-11",515.184921,342.655257,253.541593,226.963775,"storage-pricingunit-11","analytics-providername-11","database-publishername-11","database-regionid-11","network-regionname-11","compute-resourceid-11","instance-resourcename-11","analytics-resourcetype-11","Analytics","container-servicename-11","Analytics","instance-skuid-11","container-skumeter-11",NULL,"gateway-skupriceid-11","analytics-subaccountid-11","serverless-subaccountname-11","network-subaccounttype-11","{""key"":""value-11""}"
"volume-availabilityzone-12",769.352952,"serverless-billingaccountid-12","storage-billingaccountname-12","storage-billingaccounttype-12","volume-billingcurrency-12",2024-09-14 13:17:36,2024-11-09 09:59:52,"compute-capacityreservationid-12","Unused","Purchase",NULL,NULL,"Recurring",2024-04-24 20:36:03,2024-12-10 14:19:28,"Usage","database-commitmentdiscountid-12","storage-commitmentdiscountname-12",214.777674,"Unused","serverless-commitmentdiscounttype-12","network-commitmentdiscountunit-12",-54.024559,"compute-consumedunit-12",-44.241151,490.118230,-451.162598,"volume-invoiceid-12","analytics-invoiceissuername-12",471.806949,NULL,"Committed",NULL,79.578644,NULL,728.375100,383.048789,"gateway-pricingunit-12","storage-providername-12","storage-publishername-12","volume-regionid-12","compute-regionname-12",NULL,"container-resourcename-12","analytics-resourcetype-12","Identity","analytics-servicename-12","Analytics","serverless-skuid-12","volume-skumeter-12",NULL,"serverless-skupriceid-12","network-subaccountid-12","network-subaccountname-12","serverless-subaccounttype-12","{""key"":""value-12""}"
"volume-availabilityzone-13",178.289180,"database-billingaccountid-13","database-billingaccountname-13","database-billingaccounttype-13","container-billingcurrency-13",2024-12-22 10:02:09,2024-02-23 12:01:45,"gateway-capacityreservationid-13","Unused","Credit","Correction","analytics-chargedescription-13","Recurring",2024-12-22 13:11:27,2024-02-25 22:34:57,"Spend","container-commitmentdiscountid-13",NULL,538.180149,"Unused","database-commitmentdiscounttype-13","analytics-commitmentdiscountunit-13",280.802133,NULL,988.993931,72.035070,167.836091,"container-invoiceid-13","serverless-invoiceissuername-13",937.737464,548.963169,"Standard","storage-pricingcurrency-13",778.968094,507.773006,571.987116,184.783952,"compute-pricingunit-13","database-providername-13","instance-publishername-13","network-regionid-13",NULL,"volume-resourceid-13","storage-resourcename-13","database-resourcetype-13","Compute","network-servicename-13","Other",NULL,"storage-skumeter-13",NULL,"storage-skupriceid-13","volume-subaccountid-13","database-subaccountname-13","network-subaccounttype-13","{""key"":""value-13""}"
"serverless-availabilityzone-14",131.696862,"container-billingaccountid-14","gateway-billingaccountname-14","serverless-billingaccounttype-14","compute-billingcurrency-14",2024-02-03 23:41:22,2024-09-05 07:07:50,"database-capacityreservationid-14","Used","Purchase",NULL,"serverless-chargedescription-14","Usage-Based",2024-09-01 07:28:41,2024-02-25 14:46:35,"Usage","compute-commitmentdiscountid-14","storage-commitmentdiscountname-14",859.070837,NULL,"instance-commitmentdiscounttype-14","compute-commitmentdiscountunit-14",414.038360,"database-consumedunit-14",337.259351,896.932528,34.609746,"network-invoiceid-14","gateway-invoiceissuername-14",935.494098,175.559022,"Other","network-pricingcurrency-14",890.119591,556.678495,NULL,-964.271884,"serverless-pricingunit-14","container-providername-14","serverless-publishername-14",NULL,"database-regionname-14","storage-resourceid-14",NULL,NULL,"Integration","storage-servicename-14","Developer Tools","storage-skuid-14","compute-skumeter-14",NULL,NULL,"compute-subaccountid-14","network-subaccountname-14","network-subaccounttype-14","{""key"":""value-14""}"
"volume-availabilityzone-15",670.323209,"database-billingaccountid-15","analytics-billingaccountname-15","compute-billingaccounttype-15","serverless-billingcurrency-15",2024-12-05 01:55:48,2024-03-02 13:40:29,"compute-capacityreservationid-15","Used","Usage","Correction","gateway-chargedescription-15","Recurring",2024-06-01 06:48:14,2024-09-21 15:09:53,"Usage","network-commitmentdiscountid-15","container-commitmentdiscountname-15",NULL,"Unused","network-commitmentdiscounttype-15","database-commitmentdiscountunit-15",69.866772,"compute-consumedunit-15",126.791216,158.425329,171.500652,"database-invoiceid-15","compute-invoiceissuername-15",602.109470,139.522889,"Other",NULL,46.580163,365.271276,65.090147,410.439011,"volume-pricingunit-15","serverless-providername-15","gateway-publishername-15","volume-regionid-15","storage-regionname-15","volume-resourceid-15",NULL,"volume-resourcetype-15","Integration","container-servicename-15","Integration","container-skuid-15","instance-skumeter-15",NULL,"network-skupriceid-15","container-subaccountid-15","gateway-subaccountname-15","serverless-subaccounttype-15","{""key"":""value-15""}"
"analytics-availabilityzone-16",209.261067,"database-billingaccountid-16","gateway-billingaccountname-16","analytics-billingaccounttype-16","instance-billingcurrency-16",2024-04-02 13:54:31,2024-08-23 15:41:27,"network-capacityreservationid-16","Used","Purchase","Correction","serverless-chargedescription-16","Recurring",2024-06-04 09:19:56,2024-12-08 19:02:53,"Usage",NULL,"storage-commitmentdiscountname-16",NULL,"Used","instance-commitmentdiscounttype-16","compute-commitmentdiscountunit-16",NULL,"gateway-consumedunit-16",877.642144,866.334313,952.382800,"gateway-invoiceid-16","compute-invoiceissuername-16",555.454496,546.871010,"Dynamic","gateway-pricingcurrency-16",669.838585,525.706760,554.999970,NULL,"storage-pricingunit-16","database-providername-16","storage-publishername-16","storage-regionid-16","database-regionname-16","serverless-resourceid-16","instance-resourcename-16","storage-resourcetype-16","Web","volume-servicename-16","Security","analytics-skuid-16","analytics-skumeter-16",NULL,"container-skupriceid-16","serverless-subaccountid-16","analytics-subaccountname-16",NULL,NULL
"analytics-availabilityzone-17",118.010834,"database-billingaccountid-17","container-billingaccountname-17","compute-billingaccounttype-17","serverless-billingcurrency-17",2024-02-04 06:43:39,2024-12-10 08:29:08,"network-capacityreservationid-17",NULL,"Usage","Correction","gateway-chargedescription-17","One-Time",2024-03-10 06:54:22,2024-03-06 04:45:18,"Spend","instance-commitmentdiscountid-17","serverless-commitmentdiscountname-17",-900.467610,"Unused","volume-commitmentdiscounttype-17","volume-commitmentdiscountunit-17",979.167278,"network-consumedunit-17",81.931004,134.947777,688.638758,"instance-invoiceid-17","serverless-invoiceissuername-17",183.804186,480.654149,"Dynamic","storage-pricingcurrency-17",85.280288,-561.084558,315.782263,NULL,"storage-pricingunit-17","network-providername-17","storage-publishername-17","gateway-regionid-17",NULL,"volume-resourceid-17","container-resourcename-17","serverless-resourcetype-17","Databases","container-servicename-17","AI and Machine Learning","analytics-skuid-17","volume-skumeter-17",NULL,NULL,"storage-subaccountid-17",NULL,"storage-subaccounttype-17","{""key"":""value-17""}"
NULL,704.156999,"analytics-billingaccountid-18","volume-billingaccountname-18","gateway-billingaccounttype-18","container-billingcurrency-18",2024-03-25 19:23:40,2024-07-09 06:29:59,"analytics-capacityreservationid-18","Unused","Usage",NULL,NULL,"One-Time",2024-11-15 21:23:13,2024-10-01 10:17:48,"Spend","analytics-commitmentdiscountid-18","storage-commitmentdiscountname-18",526.672151,"Used","compute-commitmentdiscounttype-18","compute-commitmentdiscountunit-18",298.928506,"container-consumedunit-18",325.534713,594.790617,779.120749,"serverless-invoiceid-18","storage-invoiceissuername-18",469.571240,NULL,"Other",NULL,764.976033,NULL,824.302166,248.367390,"volume-pricingunit-18","compute-providername-18","database-publishername-18","serverless-regionid-18",NULL,"container-resourceid-18","database-resourcename-18","container-resourcetype-18","Storage","serverless-servicename-18","Media","database-skuid-18",NULL,NULL,"gateway-skupriceid-18","volume-subaccountid-18","container-subaccountname-18","gateway-subaccounttype-18","{""key"":""value-18""}"
NULL,255.313811,"container-billingaccountid-19","analytics-billingaccountname-19","instance-billingaccounttype-19","analytics-billingcurrency-19",2024-03-13 04:58:02,2024-08-20 16:54:28,"network-capacityreservationid-19",NULL,"Tax","Correction","serverless-chargedescription-19","Recurring",2024-06-05 02:37:07,2024-02-01 02:13:09,"Spend","database-commitmentdiscountid-19","compute-commitmentdiscountname-19",NULL,"Used","network-commitmentdiscounttype-19","instance-commitmentdiscountunit-19",43.416304,NULL,-982.645915,597.879110,536.028524,"database-invoiceid-19","container-invoiceissuername-19",41.909047,NULL,"Other","volume-pricingcurrency-19",174.977916,-574.880177,359.274195,382.154038,"network-pricingunit-19","database-providername-19","storage-publishername-19","instance-regionid-19","gateway-regionname-19","instance-resourceid-19","serverless-resourcename-19","container-resourcetype-19","Databases","storage-servicename-19","Networking","serverless-skuid-19","volume-skumeter-19",NULL,"compute-skupriceid-19","instance-subaccountid-19","instance-subaccountname-19","container-subaccounttype-19","{""key"":""value-19""}"
"volume-availabilityzone-20",393.650950,"instance-billingaccountid-20","volume-billingaccountname-20","compute-billingaccounttype-20","analytics-billingcurrency-20",2024-03-23 19:17:49,2024-04-18 08:42:55,"serverless-capacityreservationid-20","Unused","Purchase","Correction","compute-chargedescription-20","One-Time",2024-09-19 09:41:46,2024-01-11 23:18:06,NULL,"volume-commitmentdiscountid-20","database-commitmentdiscountname-20",34.523248,"Unused","instance-commitmentdiscounttype-20","storage-commitmentdiscountunit-20",806.895477,NULL,824.224179,258.513486,-700.559802,NULL,"serverless-invoiceissuername-20",595.771287,NULL,"Committed","serverless-pricingcurrency-20",253.280504,180.164849,128.091764,-428.274425,"compute-pricingunit-20","analytics-providername-20","storage-publishername-20",NULL,"gateway-regionname-20",NULL,"instance-resourcename-20","compute-resourcetype-20","AI and Machine Learning","network-servicename-20","Security","container-skuid-20","container-skumeter-20",NULL,"container-skupriceid-20","database-subaccountid-20","database-subaccountname-20","serverless-subaccounttype-20","{""key"":""value-20""}"
"volume-availabilityzone-21",-92.991095,"serverless-billingaccountid-21","compute-billingaccountname-21","serverless-billingaccounttype-21","storage-billingcurrency-21",2024-12-20 10:17:40,2024-11-14 22:07:24,"gateway-capacityreservationid-21","Unused","Credit",NULL,"instance-chargedescription-21","Recurring",2024-11-04 03:20:38,2024-03-14 01:58:32,"Spend",NULL,"container-commitmentdiscountname-21",-35.659425,"Unused","analytics-commitmentdiscounttype-21","analytics-commitmentdiscountunit-21",179.064314,NULL,126.605150,185.186767,388.496110,"database-invoiceid-21","network-invoiceissuername-21",305.769045,NULL,"Standard","network-pricingcurrency-21",586.128311,822.788350,60.925917,811.024597,"network-pricingunit-21","serverless-providername-21","instance-publishername-21","instance-regionid-21","storage-regionname-21","container-resourceid-21",NULL,"instance-resourcetype-21","Security","network-servicename-21","Management and Governance","database-skuid-21","container-skumeter-21",NULL,"instance-skupriceid-21","instance-subaccountid-21",NULL,NULL,"{""key"":""value-21""}"
"volume-availabilityzone-22",602.029798,"network-billingaccountid-22","database-billingaccountname-22","gateway-billingaccounttype-22","storage-billingcurrency-22",2024-05-14 01:03:43,2024-05-19 01:41:21,"compute-capacityreservationid-22","Used","Adjustment","Correction","database-chargedescription-22","Recurring",2024-10-02 08:38:03,2024-11-20 09:13:57,NULL,"database-commitmentdiscountid-22",NULL,247.234030,"Unused","instance-commitmentdiscounttype-22","instance-commitmentdiscountunit-22",879.255298,"container-consumedunit-22",519.630919,NULL,456.814524,"volume-invoiceid-22","storage-invoiceissuername-22",835.491797,383.740344,"Dynamic","serverless-pricingcurrency-22",987.307792,-299.201423,893.009356,368.026806,NULL,"volume-providername-22","network-publishername-22","compute-regionid-22","gateway-regionname-22","volume-resourceid-22","container-resourcename-22","gateway-resourcetype-22","Developer Tools","gateway-servicename-22","Management and Governance","instance-skuid-22","network-skumeter-22",NULL,"instance-skupriceid-22","database-subaccountid-22",NULL,"network-subaccounttype-22","{""key"":""value-22""}"
"database-availabilityzone-23",290.571476,"serverless-billingaccountid-23","serverless-billingaccountname-23","serverless-billingaccounttype-23","instance-billingcurrency-23",2024-09-22 00:49:30,2024-04-24 18:35:01,"serverless-capacityreservationid-23","Unused","Adjustment","Correction","analytics-chargedescription-23","Recurring",2024-07-08 19:04:04,2024-07-24 05:40:48,NULL,"volume-commitmentdiscountid-23",NULL,198.290257,"Unused","container-commitmentdiscounttype-23","compute-commitmentdiscountunit-23",NULL,"network-consumedunit-23",876.416313,NULL,495.769979,"storage-invoiceid-23","storage-invoiceissuername-23",768.000896,987.386434,NULL,"serverless-pricingcurrency-23",814.463799,-817.310373,NULL,836.028391,NULL,"database-providername-23","gateway-publishername-23","analytics-regionid-23",NULL,"network-resourceid-23","storage-resourcename-23","storage-resourcetype-23","Multicloud","volume-servicename-23","Management and Governance","storage-skuid-23","instance-skumeter-23",NULL,NULL,"serverless-subaccountid-23","gateway-subaccountname-23","network-subaccounttype-23","{""key"":""value-23""}"
"network-availabilityzone-24",978.212486,"network-billingaccountid-24","gateway-billingaccountname-24","network-billingaccounttype-24","network-billingcurrency-24",2024-03-03 01:05:57,2024-02-10 20:46:55,"storage-capacityreservationid-24","Unused","Adjustment","Correction","compute-chargedescription-24","Recurring",2024-02-10 16:23:09,2024-11-07 23:04:36,NULL,NULL,NULL,-301.413235,"Unused","serverless-commitmentdiscounttype-24","storage-commitmentdiscountunit-24",NULL,"serverless-consumedunit-24",823.151112,338.361463,215.867896,"gateway-invoiceid-24","container-invoiceissuername-24",786.067988,NULL,"Committed","database-pricingcurrency-24",NULL,-136.985263,68.640463,216.448978,"gateway-pricingunit-24","container-providername-24","gateway-publishername-24","serverless-regionid-24","database-regionname-24","container-resourceid-24","gateway-resourcename-24","storage-resourcetype-24","Storage","network-servicename-24","Mobile","analytics-skuid-24","gateway-skumeter-24",NULL,"database-skupriceid-24","serverless-subaccountid-24","database-subaccountname-24","gateway-subaccounttype-24","{""key"":""value-24""}"
"serverless-availabilityzone-25",741.817607,"container-billingaccountid-25",NULL,"database-billingaccounttype-25","network-billingcurrency-25",2024-01-19 07:56:26,2024-03-22 20:53:12,"instance-capacityreservationid-25","Unused","Purchase","Correction","serverless-chargedescription-25","Usage-Based",2024-03-14 14:49:00,2024-01-18 10:36:19,"Usage",NULL,"database-commitmentdiscountname-25",-871.263849,"Used","analytics-commitmentdiscounttype-25","container-commitmentdiscountunit-25",10.087957,"compute-consumedunit-25",273.547786,818.017596,239.374561,"serverless-invoiceid-25","volume-invoiceissuername-25",458.988652,603.486308,"Standard",NULL,NULL,745.690121,872.397884,NULL,"compute-pricingunit-25","database-providername-25","database-publishername-25",NULL,"container-regionname-25","serverless-resourceid-25","database-resourcename-25","instance-resourcetype-25","Security","gateway-servicename-25","Multicloud","container-skuid-25","instance-skumeter-25",NULL,"analytics-skupriceid-25","gateway-subaccountid-25","gateway-subaccountname-25","analytics-subaccounttype-25","{""key"":""value-25""}"
"instance-availabilityzone-26",597.288187,"analytics-billingaccountid-26","database-billingaccountname-26","database-billingaccounttype-26","database-billingcurrency-26",2024-03-13 10:06:08,2024-12-15 11:41:00,"database-capacityreservationid-26","Unused","Adjustment","Correction","network-chargedescription-26","Recurring",2024-04-09 11:29:51,2024-12-02 07:23:49,"Spend","container-commitmentdiscountid-26","analytics-commitmentdiscountname-26",250.766756,"Unused","analytics-commitmentdiscounttype-26","analytics-commitmentdiscountunit-26",762.648382,"gateway-consumedunit-26",25.929100,195.637650,465.886982,"compute-invoiceid-26","compute-invoiceissuername-26",737.153298,145.073543,"Other","container-pricingcurrency-26",855.491122,477.451076,578.063761,339.019087,"compute-pricingunit-26","network-providername-26","serverless-publishername-26","instance-regionid-26",NULL,"volume-resourceid-26",NULL,"volume-resourcetype-26","Internet of Things","compute-servicename-26","Networking","gateway-skuid-26","serverless-skumeter-26",NULL,"database-skupriceid-26","storage-subaccountid-26","container-subaccountname-26","database-subaccounttype-26","{""key"":""value-26""}"
"serverless-availabilityzone-27",526.529917,"analytics-billingaccountid-27","instance-billingaccountname-27","volume-billingaccounttype-27","storage-billingcurrency-27",2024-03-13 18:28:32,2024-04-12 08:19:47,"storage-capacityreservationid-27","Used","Tax","Correction","network-chargedescription-27","Usage-Based",2024-07-26 20:25:27,2024-10-28 15:24:20,"Spend","container-commitmentdiscountid-27","analytics-commitmentdiscountname-27",782.583074,"Used","compute-commitmentdiscounttype-27","network-commitmentdiscountunit-27",986.513284,"database-consumedunit-27",321.412243,NULL,790.891674,"compute-invoiceid-27","storage-invoiceissuername-27",486.046926,933.329880,"Dynamic","database-pricingcurrency-27",168.121986,-52.311730,865.816752,969.949073,"instance-pricingunit-27","compute-providername-27","serverless-publishername-27","compute-regionid-27","gateway-regionname-27","instance-resourceid-27","database-resourcename-27","serverless-resourcetype-27","Developer Tools","gateway-servicename-27","AI and Machine Learning","database-skuid-27","database-skumeter-27",NULL,"database-skupriceid-27","network-subaccountid-27","analytics-subaccountname-27","network-subaccounttype-27","{""key"":""value-27""}"
NULL,46.805761,"storage-billingaccountid-28",NULL,"gateway-billingaccounttype-28","instance-billingcurrency-28",2024-08-12 20:45:10,2024-07-08 02:26:36,"gateway-capacityreservationid-28",NULL,"Tax","Correction","instance-chargedescription-28","One-Time",2024-10-13 01:53:13,2024-06-20 19:21:31,"Spend","serverless-commitmentdiscountid-28","serverless-commitmentdiscountname-28",628.693488,"Used","volume-commitmentdiscounttype-28","analytics-commitmentdiscountunit-28",NULL,"database-consumedunit-28",25.373727,210.614150,17.471306,NULL,"compute-invoiceissuername-28",932.706711,913.236250,"Standard","storage-pricingcurrency-28",537.679089,706.164516,NULL,-440.341444,"network-pricingunit-28","compute-providername-28","serverless-publishername-28","serverless-regionid-28","instance-regionname-28","serverless-resourceid-28","compute-resourcename-28","analytics-resourcetype-28","Mobile","compute-servicename-28","Media","storage-skuid-28","network-skumeter-28",NULL,"gateway-skupriceid-28","storage-subaccountid-28","gateway-subaccountname-28","serverless-subaccounttype-28","{""key"":""value-28""}"
NULL,542.029882,"instance-billingaccountid-29",NULL,"analytics-billingaccounttype-29","instance-billingcurrency-29",2024-08-24 17:55:45,2024-01-13 10:13:58,"container-capacityreservationid-29","Used","Tax","Correction",NULL,"One-Time",2024-12-14 02:28:24,2024-02-23 12:38:39,"Spend","storage-commitmentdiscountid-29","container-commitmentdiscountname-29",345.613717,NULL,"container-commitmentdiscounttype-29","container-commitmentdiscountunit-29",174.419599,"storage-consumedunit-29",341.281989,588.979338,479.822791,"database-invoiceid-29","analytics-invoiceissuername-29",798.178816,182.028993,"Committed","container-pricingcurrency-29",502.033768,NULL,584.057148,NULL,"database-pricingunit-29","analytics-providername-29","compute-publishername-29","serverless-regionid-29","gateway-regionname-29",NULL,"compute-resourcename-29","analytics-resourcetype-29","Web","volume-servicename-29","Developer Tools","instance-skuid-29","network-skumeter-29",NULL,"container-skupriceid-29","gateway-subaccountid-29","gateway-subaccountname-29",NULL,"{""key"":""value-29""}"
"compute-availabilityzone-30",400.703144,"instance-billingaccountid-30","analytics-billingaccountname-30","compute-billingaccounttype-30","gateway-billingcurrency-30",2024-11-25 05:50:35,2024-12-26 07:18:33,"compute-capacityreservationid-30","Used","Tax","Correction","gateway-chargedescription-30","Recurring",2024-05-17 12:02:37,2024-05-26 15:05:34,"Spend","analytics-commitmentdiscountid-30","storage-commitmentdiscountname-30",-669.900940,"Used","database-commitmentdiscounttype-30","serverless-commitmentdiscountunit-30",383.240241,"serverless-consumedunit-30",296.795691,895.544717,819.822959,NULL,"gateway-invoiceissuername-30",482.971554,657.496633,"Committed","serverless-pricingcurrency-30",762.494830,NULL,878.603738,475.684746,"analytics-pricingunit-30","storage-providername-30","container-publishername-30","network-regionid-30","serverless-regionname-30",NULL,"database-resourcename-30","gateway-resourcetype-30","Management and Governance","volume-servicename-30","Web","storage-skuid-30","serverless-skumeter-30",NULL,"analytics-skupriceid-30",NULL,"database-subaccountname-30",NULL,NULL
"serverless-availabilityzone-31",213.984579,"volume-billingaccountid-31","instance-billingaccountname-31","network-billingaccounttype-31","storage-billingcurrency-31",2024-01-19 22:45:08,2024-10-26 00:18:26,"database-capacityreservationid-31","Unused","Tax","Correction","network-chargedescription-31","One-Time",2024-02-16 00:12:09,2024-08-27 21:52:27,"Spend","serverless-commitmentdiscountid-31","analytics-commitmentdiscountname-31",885.156675,"Unused","volume-commitmentdiscounttype-31",NULL,NULL,"gateway-consumedunit-31",621.229880,12.795902,144.780400,"analytics-invoiceid-31","network-invoiceissuername-31",240.942097,682.990328,NULL,"gateway-pricingcurrency-31",726.999493,-160.293550,105.604162,261.525143,"volume-pricingunit-31","serverless-providername-31","instance-publishername-31","analytics-regionid-31","volume-regionname-31",NULL,"container-resourcename-31","gateway-resourcetype-31","Identity","analytics-servicename-31","Management and Governance",NULL,"database-skumeter-31",NULL,NULL,"database-subaccountid-31","compute-subaccountname-31","serverless-subaccounttype-31","{""key"":""value-31""}"
"gateway-availabilityzone-32",499.456126,"serverless-billingaccountid-32","volume-billingaccountname-32","volume-billingaccounttype-32","storage-billingcurrency-32",2024-04-05 13:17:50,2024-05-07 07:56:17,"storage-capacityreservationid-32","Unused","Usage","Correction",NULL,"Usage-Based",2024-03-20 00:38:29,2024-05-10 20:16:16,"Usage","instance-commitmentdiscountid-32",NULL,95.577391,"Unused","container-commitmentdiscounttype-32","serverless-commitmentdiscountunit-32",232.687048,"compute-consumedunit-32",579.407732,18.273300,119.994408,"container-invoiceid-32","database-invoiceissuername-32",106.816970,319.473870,"Other","gateway-pricingcurrency-32",297.190019,153.484198,699.749077,751.688811,"volume-pricingunit-32","instance-providername-32","serverless-publishername-32",NULL,"gateway-regionname-32","storage-resourceid-32","serverless-resourcename-32","volume-resourcetype-32","Storage","volume-servicename-32","Databases","container-skuid-32",NULL,NULL,"compute-skupriceid-32","analytics-subaccountid-32","network-subaccountname-32","storage-subaccounttype-32","{""key"":""value-32""}"
"volume-availabilityzone-33",-504.914759,"gateway-billingaccountid-33","database-billingaccountname-33","compute-billingaccounttype-33","storage-billingcurrency-33",2024-09-20 05:21:39,2024-04-28 20:16:24,"database-capacityreservationid-33","Used","Tax","Correction","compute-chargedescription-33","Recurring",2024-07-18 22:54:23,2024-10-19 11:59:29,"Spend","storage-commitmentdiscountid-33","volume-commitmentdiscountname-33",534.023687,"Used","storage-commitmentdiscounttype-33","analytics-commitmentdiscountunit-33",822.783048,"gateway-consumedunit-33",819.402719,91.607964,668.957162,NULL,"gateway-invoiceissuername-33",987.207732,675.348372,NULL,"storage-pricingcurrency-33",931.711673,417.793215,318.269641,607.645644,"storage-pricingunit-33","network-providername-33","network-publishername-33","database-regionid-33","container-regionname-33","serverless-resourceid-33","container-resourcename-33","volume-resourcetype-33","Storage","instance-servicename-33","Analytics",NULL,"container-skumeter-33",NULL,"network-skupriceid-33","analytics-subaccountid-33","instance-subaccountname-33","container-subaccounttype-33",NULL
"storage-availabilityzone-34",653.800389,"volume-billingaccountid-34","network-billingaccountname-34","gateway-billingaccounttype-34","analytics-billingcurrency-34",2024-06-04 13:27:07,2024-11-28 23:05:43,"network-capacityreservationid-34","Used","Purchase","Correction","storage-chargedescription-34","Recurring",2024-08-07 23:53:18,2024-12-10 11:11:28,"Usage","container-commitmentdiscountid-34","instance-commitmentdiscountname-34",522.026122,"Unused","serverless-commitmentdiscounttype-34","analytics-commitmentdiscountunit-34",538.489045,"storage-consumedunit-34",666.900650,NULL,766.689695,"database-invoiceid-34","serverless-invoiceissuername-34",567.202856,NULL,"Other","serverless-pricingcurrency-34",157.233986,664.779102,483.345663,499.299153,"storage-pricingunit-34","database-providername-34","database-publishername-34","database-regionid-34","network-regionname-34","container-resourceid-34","gateway-resourcename-34","compute-resourcetype-34","Business Applications","gateway-servicename-34","Networking","compute-skuid-34","container-skumeter-34",NULL,"compute-skupriceid-34","volume-subaccountid-34","database-subaccountname-34","compute-subaccounttype-34",NULL
"instance-availabilityzone-35",65.812142,"serverless-billingaccountid-35",NULL,"analytics-billingaccounttype-35","network-billingcurrency-35",2024-11-14 11:22:22,2024-06-03 09:23:02,"gateway-capacityreservationid-35","Unused","Tax","Correction","network-chargedescription-35","One-Time",2024-03-27 06:01:04,2024-05-08 21:18:16,NULL,"serverless-commitmentdiscountid-35","storage-commitmentdiscountname-35",781.661458,NULL,"serverless-commitmentdiscounttype-35","network-commitmentdiscountunit-35",147.692877,"gateway-consumedunit-35",641.671919,904.458309,-344.444155,"serverless-invoiceid-35","analytics-invoiceissuername-35",389.408040,710.642820,"Other","database-pricingcurrency-35",438.876402,-260.514106,NULL,-179.585732,"storage-pricingunit-35","instance-providername-35","gateway-publishername-35","compute-regionid-35","database-regionname-35","instance-resourceid-35","serverless-resourcename-35","gateway-resourcetype-35","Developer Tools","serverless-servicename-35","Internet of Things","serverless-skuid-35","storage-skumeter-35",NULL,"serverless-skupriceid-35","serverless-subaccountid-35","compute-subaccountname-35",NULL,"{""key"":""value-35""}"
"gateway-availabilityzone-36",826.152078,"network-billingaccountid-36","volume-billingaccountname-36","container-billingaccounttype-36","instance-billingcurrency-36",2024-03-27 14:59:51,2024-08-07 05:59:32,NULL,"Unused","Tax","Correction","network-chargedescription-36","One-Time",2024-02-13 06:51:52,2024-07-16 10:17:13,"Spend","gateway-commitmentdiscountid-36","container-commitmentdiscountname-36",NULL,"Used",NULL,"instance-commitmentdiscountunit-36",24.552275,"storage-consumedunit-36",417.529983,NULL,582.415526,"analytics-invoiceid-36","gateway-invoiceissuername-36",122.455364,NULL,"Other","serverless-pricingcurrency-36",378.251391,877.812106,668.273200,30.713655,"volume-pricingunit-36","container-providername-36","instance-publishername-36","compute-regionid-36","volume-regionname-36","serverless-resourceid-36","gateway-resourcename-36","container-resourcetype-36","Developer Tools","instance-servicename-36","Internet of Things","gateway-skuid-36","storage-skumeter-36",NULL,"network-skupriceid-36","network-subaccountid-36",NULL,"storage-subaccounttype-36","{""key"":""value-36""}"
"instance-availabilityzone-37",827.708028,"storage-billingaccountid-37","serverless-billingaccountname-37","container-billingaccounttype-37","network-billingcurrency-37",2024-09-10 17:06:12,2024-05-26 19:32:15,"gateway-capacityreservationid-37","Used","Tax","Correction","database-chargedescription-37","One-Time",2024-01-13 19:19:03,2024-12-28 11:55:12,"Spend",NULL,"instance-commitmentdiscountname-37",899.572274,"Unused","container-commitmentdiscounttype-37",NULL,446.292017,"serverless-consumedunit-37",48.885007,407.183398,233.871640,"compute-invoiceid-37","instance-invoiceissuername-37",117.010786,980.561987,NULL,"compute-pricingcurrency-37",419.118609,-265.386890,755.664396,-503.336275,"storage-pricingunit-37","network-providername-37","analytics-publishername-37",NULL,"volume-regionname-37",NULL,"volume-resourcename-37","compute-resourcetype-37","Identity","container-servicename-37","Migration","container-skuid-37",NULL,NULL,"instance-skupriceid-37","container-subaccountid-37","serverless-subaccountname-37","volume-subaccounttype-37","{""key"":""value-37""}"
"volume-availabilityzone-38",270.520870,"volume-billingaccountid-38","compute-billingaccountname-38","gateway-billingaccounttype-38","compute-billingcurrency-38",2024-03-09 03:18:48,2024-03-24 17:36:13,"gateway-capacityreservationid-38","Unused","Purchase","Correction","storage-chargedescription-38","Usage-Based",2024-04-11 23:34:51,2024-10-23 02:02:10,"Usage","compute-commitmentdiscountid-38","database-commitmentdiscountname-38",514.339753,"Unused","gateway-commitmentdiscounttype-38","network-commitmentdiscountunit-38",14.017888,"database-consumedunit-38",435.528883,465.444487,618.346340,"storage-invoiceid-38","volume-invoiceissuername-38",-20.317903,243.492212,"Standard","storage-pricingcurrency-38",219.523427,969.823933,659.470993,988.871940,"analytics-pricingunit-38","gateway-providername-38","instance-publishername-38","database-regionid-38",NULL,"instance-resourceid-38","analytics-resourcename-38","analytics-resourcetype-38","Developer Tools","container-servicename-38","Developer Tools","storage-skuid-38","network-skumeter-38",NULL,"instance-skupriceid-38","instance-subaccountid-38","serverless-subaccountname-38",NULL,"{""key"":""value-38""}"
"network-availabilityzone-39",325.863920,"compute-billingaccountid-39","analytics-billingaccountname-39","analytics-billingaccounttype-39","instance-billingcurrency-39",2024-12-23 15:22:06,2024-06-05 10:17:43,"compute-capacityreservationid-39","Unused","Purchase","Correction","instance-chargedescription-39","Usage-Based",2024-07-03 07:58:27,2024-12-20 04:39:15,"Spend",NULL,"volume-commitmentdiscountname-39",511.177795,"Used","serverless-commitmentdiscounttype-39","database-commitmentdiscountunit-39",723.929245,"analytics-consumedunit-39",130.582274,489.090845,389.561956,"container-invoiceid-39","database-invoiceissuername-39",727.676514,363.600095,"Dynamic","analytics-pricingcurrency-39",NULL,571.659420,373.574217,333.331943,"storage-pricingunit-39","instance-providername-39","network-publishername-39","serverless-regionid-39","network-regionname-39","network-resourceid-39",NULL,"database-resourcetype-39","Identity","instance-servicename-39","Databases","analytics-skuid-39",NULL,NULL,"storage-skupriceid-39","analytics-subaccountid-39","container-subaccountname-39","analytics-subaccounttype-39","{""key"":""value-39""}"
"compute-availabilityzone-40",707.805068,"instance-billingaccountid-40",NULL,"compute-billingaccounttype-40","instance-billingcurrency-40",2024-11-25 17:40:26,2024-10-02 08:49:10,NULL,"Unused","Tax","Correction",NULL,"Usage-Based",2024-04-25 00:13:21,2024-12-01 20:27:25,"Spend","instance-commitmentdiscountid-40",NULL,750.168706,"Used",NULL,NULL,5.527607,"container-consumedunit-40",545.529965,732.574869,960.476071,"instance-invoiceid-40","instance-invoiceissuername-40",87.870306,NULL,"Dynamic","volume-pricingcurrency-40",473.585967,-76.117741,857.672285,632.327411,NULL,"volume-providername-40","network-publishername-40","volume-regionid-40","storage-regionname-40","volume-resourceid-40",NULL,"gateway-resourcetype-40","Mobile","volume-servicename-40","Databases","volume-skuid-40","instance-skumeter-40",NULL,NULL,"storage-subaccountid-40","compute-subaccountname-40","volume-subaccounttype-40","{""key"":""value-40""}"
"database-availabilityzone-41",155.533790,"serverless-billingaccountid-41","storage-billingaccountname-41","instance-billingaccounttype-41","volume-billingcurrency-41",2024-12-28 08:28:12,2024-03-04 13:17:27,"analytics-capacityreservationid-41","Unused","Adjustment","Correction","network-chargedescription-41","Usage-Based",2024-04-18 09:54:17,2024-10-06 06:53:12,"Spend","instance-commitmentdiscountid-41",NULL,282.031318,"Unused","container-commitmentdiscounttype-41","network-commitmentdiscountunit-41",NULL,NULL,780.544716,NULL,157.721509,"container-invoiceid-41","compute-invoiceissuername-41",523.043692,914.756186,"Committed","network-pricingcurrency-41",233.084188,25.725415,NULL,712.086248,"analytics-pricingunit-41","gateway-providername-41","instance-publishername-41","compute-regionid-41","container-regionname-41",NULL,"gateway-resourcename-41","serverless-resourcetype-41","AI and Machine Learning","container-servicename-41","AI and Machine Learning","container-skuid-41","container-skumeter-41",NULL,"gateway-skupriceid-41","volume-subaccountid-41","container-subaccountname-41",NULL,NULL
"analytics-availabilityzone-42",677.088525,"serverless-billingaccountid-42","container-billingaccountname-42","serverless-billingaccounttype-42","serverless-billingcurrency-42",2024-01-17 09:24:00,2024-12-28 18:26:50,NULL,"Unused","Credit","Correction","compute-chargedescription-42","Recurring",2024-01-01 20:10:00,2024-08-02 03:19:07,NULL,"serverless-commitmentdiscountid-42","analytics-commitmentdiscountname-42",264.840507,NULL,"volume-commitmentdiscounttype-42","volume-commitmentdiscountunit-42",-848.324009,"serverless-consumedunit-42",6.894559,322.075277,683.115810,"database-invoiceid-42","container-invoiceissuername-42",368.586303,560.929535,NULL,"database-pricingcurrency-42",822.527367,-813.325934,NULL,-923.996099,NULL,"compute-providername-42","instance-publishername-42","gateway-regionid-42",NULL,NULL,NULL,"analytics-resourcetype-42","Mobile","compute-servicename-42","Compute","database-skuid-42","serverless-skumeter-42",NULL,"instance-skupriceid-42","serverless-subaccountid-42","gateway-subaccountname-42","instance-subaccounttype-42","{""key"":""value-42""}"
"instance-availabilityzone-43",776.464331,"container-billingaccountid-43",NULL,"storage-billingaccounttype-43","database-billingcurrency-43",2024-03-07 12:15:02,2024-03-19 10:11:41,NULL,"Used","Purchase","Correction","network-chargedescription-43","One-Time",2024-12-01 22:28:47,2024-11-04 11:15:58,"Spend","volume-commitmentdiscountid-43","compute-commitmentdiscountname-43",92.869736,"Unused",NULL,"serverless-commitmentdiscountunit-43",241.010334,"storage-consumedunit-43",625.452329,699.258305,169.915105,"gateway-invoiceid-43","storage-invoiceissuername-43",381.544731,627.363333,"Committed","analytics-pricingcurrency-43",519.812926,-53.362343,939.582070,953.783075,"database-pricingunit-43","instance-providername-43","container-publishername-43","network-regionid-43","gateway-regionname-43","database-resourceid-43","compute-resourcename-43","analytics-resourcetype-43","Databases","database-servicename-43","Integration","compute-skuid-43","volume-skumeter-43",NULL,"network-skupriceid-43","network-subaccountid-43","volume-subaccountname-43","analytics-subaccounttype-43","{""key"":""value-43""}"
"instance-availabilityzone-44",670.588322,"network-billingaccountid-44","gateway-billingaccountname-44","analytics-billingaccounttype-44","volume-billingcurrency-44",2024-06-16 22:32:19,2024-02-05 09:59:48,"analytics-capacityreservationid-44","Unused","Purchase","Correction","volume-chargedescription-44","Recurring",2024-01-08 01:34:34,2024-03-10 23:45:08,"Spend",NULL,"instance-commitmentdiscountname-44",719.062529,"Unused","gateway-commitmentdiscounttype-44","volume-commitmentdiscountunit-44",710.209357,"serverless-consumedunit-44",969.570636,878.079862,-226.539880,"volume-invoiceid-44","network-invoiceissuername-44",659.621216,NULL,"Other",NULL,875.074031,622.614100,872.853815,998.755694,"compute-pricingunit-44","serverless-providername-44","network-publishername-44","gateway-regionid-44",NULL,"serverless-resourceid-44","gateway-resourcename-44","instance-resourcetype-44","Security","volume-servicename-44","Management and Governance",NULL,"volume-skumeter-44",NULL,NULL,"compute-subaccountid-44","analytics-subaccountname-44","compute-subaccounttype-44","{""key"":""value-44""}"
"network-availabilityzone-45",502.518385,"storage-billingaccountid-45","container-billingaccountname-45","database-billingaccounttype-45","serverless-billingcurrency-45",2024-12-03 20:46:37,2024-03-17 07:40:33,"instance-capacityreservationid-45","Used","Adjustment","Correction","database-chargedescription-45","Usage-Based",2024-02-13 18:10:12,2024-08-13 21:42:24,"Usage","analytics-commitmentdiscountid-45","network-commitmentdiscountname-45",NULL,NULL,"compute-commitmentdiscounttype-45","gateway-commitmentdiscountunit-45",978.766589,"storage-consumedunit-45",-790.279540,980.640584,132.040276,"gateway-invoiceid-45","serverless-invoiceissuername-45",-74.568437,119.959215,"Standard","compute-pricingcurrency-45",NULL,86.511123,963.947576,865.471155,"database-pricingunit-45","network-providername-45","gateway-publishername-45","container-regionid-45","network-regionname-45","storage-resourceid-45","storage-resourcename-45","volume-resourcetype-45","Networking","serverless-servicename-45","AI and Machine Learning","database-skuid-45",NULL,NULL,"gateway-skupriceid-45","instance-subaccountid-45","gateway-subaccountname-45","compute-subaccounttype-45","{""key"":""value-45""}"
"compute-availabilityzone-46",328.259514,"instance-billingaccountid-46","gateway-billingaccountname-46","volume-billingaccounttype-46","container-billingcurrency-46",2024-05-05 23:01:16,2024-06-05 11:42:27,"volume-capacityreservationid-46","Unused","Tax","Correction","storage-chargedescription-46","Usage-Based",2024-10-04 17:17:27,2024-01-26 03:10:33,"Usage","compute-commitmentdiscountid-46","volume-commitmentdiscountname-46",370.270092,"Used",NULL,"volume-commitmentdiscountunit-46",711.134913,"storage-consumedunit-46",889.264107,857.683867,293.394467,"storage-invoiceid-46","analytics-invoiceissuername-46",853.914400,395.756934,"Committed","network-pricingcurrency-46",806.900664,52.415390,633.791635,NULL,"analytics-pricingunit-46","storage-providername-46","container-publishername-46","database-regionid-46","container-regionname-46",NULL,"instance-resourcename-46","volume-resourcetype-46","Media","compute-servicename-46","Management and Governance","gateway-skuid-46","volume-skumeter-46",NULL,"volume-skupriceid-46","volume-subaccountid-46","volume-subaccountname-46","database-subaccounttype-46",NULL
"instance-availabilityzone-47",102.778949,"volume-billingaccountid-47","gateway-billingaccountname-47","instance-billingaccounttype-47","database-billingcurrency-47",2024-02-20 15:46:56,2024-11-10 11:04:16,"container-capacityreservationid-47","Unused","Tax","Correction","instance-chargedescription-47","Recurring",2024-02-18 19:37:22,2024-07-01 20:48:36,"Usage","volume-commitmentdiscountid-47",NULL,10.711577,"Unused","storage-commitmentdiscounttype-47","network-commitmentdiscountunit-47",444.096562,"network-consumedunit-47",582.725720,809.318874,887.787583,NULL,"container-invoiceissuername-47",141.761817,511.282701,"Dynamic","volume-pricingcurrency-47",714.623212,NULL,878.474582,852.140598,"gateway-pricingunit-47","serverless-providername-47","network-publishername-47","compute-regionid-47","storage-regionname-47","compute-resourceid-47",NULL,"gateway-resourcetype-47","Storage","serverless-servicename-47","Management and Governance","database-skuid-47","analytics-skumeter-47",NULL,NULL,"container-subaccountid-47","database-subaccountname-47","compute-subaccounttype-47","{""key"":""value-47""}"
"volume-availabilityzone-48",-272.954314,"storage-billingaccountid-48","volume-billingaccountname-48","serverless-billingaccounttype-48","volume-billingcurrency-48",2024-05-05 23:16:57,2024-10-04 13:26:39,"serverless-capacityreservationid-48","Unused","Usage","Correction","container-chargedescription-48","Recurring",2024-05-26 19:24:33,2024-02-24 00:31:36,"Spend","serverless-commitmentdiscountid-48","storage-commitmentdiscountname-48",86.190049,"Unused","compute-commitmentdiscounttype-48","network-commitmentdiscountunit-48",733.236803,"compute-consumedunit-48",0.902080,237.255068,257.400434,"container-invoiceid-48","network-invoiceissuername-48",588.379767,630.723306,"Other","volume-pricingcurrency-48",804.821686,735.453710,778.761623,605.605712,"storage-pricingunit-48","compute-providername-48","database-publishername-48","database-regionid-48","serverless-regionname-48","database-resourceid-48","instance-resourcename-48","gateway-resourcetype-48","Migration","network-servicename-48","Compute","container-skuid-48",NULL,NULL,"container-skupriceid-48","analytics-subaccountid-48","analytics-subaccountname-48","compute-subaccounttype-48","{""key"":""value-48""}"
NULL,-485.373330,"container-billingaccountid-49","analytics-billingaccountname-49","analytics-billingaccounttype-49","gateway-billingcurrency-49",2024-01-18 01:13:18,2024-09-08 02:04:06,"serverless-capacityreservationid-49",NULL,"Purchase","Correction","serverless-chargedescription-49","Recurring",2024-09-16 19:25:45,2024-10-11 15:07:32,NULL,"serverless-commitmentdiscountid-49","network-commitmentdiscountname-49",321.174839,NULL,"compute-commitmentdiscounttype-49","compute-commitmentdiscountunit-49",716.703820,"instance-consumedunit-49",765.506807,949.619109,423.852286,"database-invoiceid-49","container-invoiceissuername-49",95.951881,237.897909,"Standard","analytics-pricingcurrency-49",359.002789,651.564261,927.937625,65.190876,"container-pricingunit-49","instance-providername-49","instance-publishername-49","volume-regionid-49",NULL,NULL,"storage-resourcename-49","storage-resourcetype-49","Storage","database-servicename-49","Media","volume-skuid-49","serverless-skumeter-49",NULL,NULL,"serverless-subaccountid-49","instance-subaccountname-49","serverless-subaccounttype-49","{""key"":""value-49""}"
"compute-availabilityzone-50",106.286621,"container-billingaccountid-50","volume-billingaccountname-50","serverless-billingaccounttype-50","storage-billingcurrency-50",2024-12-14 09:11:52,2024-12-04 21:25:11,NULL,"Used","Purchase","Correction",NULL,"Recurring",2024-09-20 22:33:08,2024-09-28 16:55:08,"Usage","serverless-commitmentdiscountid-50","serverless-commitmentdiscountname-50",572.023769,"Unused","network-commitmentdiscounttype-50","serverless-commitmentdiscountunit-50",NULL,"gateway-consumedunit-50",900.216239,785.961816,312.296359,"gateway-invoiceid-50","instance-invoiceissuername-50",394.674433,672.357742,"Dynamic","analytics-pricingcurrency-50",339.733683,-880.917057,940.198657,-639.409698,"compute-pricingunit-50","database-providername-50","database-publishername-50","container-regionid-50",NULL,"analytics-resourceid-50","gateway-resourcename-50","compute-resourcetype-50","Databases","network-servicename-50","Management and Governance","serverless-skuid-50","container-skumeter-50",NULL,NULL,"compute-subaccountid-50","gateway-subaccountname-50",NULL,"{""key"":""value-50""}"
"instance-availabilityzone-51",150.966100,"volume-billingaccountid-51","gateway-billingaccountname-51","database-billingaccounttype-51","volume-billingcurrency-51",2024-07-21 04:13:53,2024-09-10 03:42:27,"compute-capacityreservationid-51",NULL,"Credit","Correction",NULL,"Usage-Based",2024-03-21 20:31:42,2024-04-07 01:11:57,"Usage",NULL,"database-commitmentdiscountname-51",-798.555652,"Unused","storage-commitmentdiscounttype-51","storage-commitmentdiscountunit-51",NULL,NULL,76.528030,411.658016,289.184408,"network-invoiceid-51","container-invoiceissuername-51",369.826249,824.380628,NULL,"compute-pricingcurrency-51",NULL,126.554199,180.671370,857.880695,"instance-pricingunit-51","compute-providername-51","gateway-publishername-51","gateway-regionid-51","container-regionname-51","analytics-resourceid-51","gateway-resourcename-51","network-resourcetype-51","Internet of Things","analytics-servicename-51","Networking",NULL,"database-skumeter-51",NULL,"compute-skupriceid-51","compute-subaccountid-51","database-subaccountname-51","container-subaccounttype-51","{""key"":""value-51""}"
"gateway-availabilityzone-52",123.540877,"compute-billingaccountid-52","storage-billingaccountname-52","network-billingaccounttype-52","container-billingcurrency-52",2024-10-10 14:47:23,2024-02-01 21:20:23,"analytics-capacityreservationid-52","Used","Adjustment","Correction","compute-chargedescription-52","One-Time",2024-11-15 16:03:54,2024-10-14 16:01:26,"Usage","database-commitmentdiscountid-52","compute-commitmentdiscountname-52",562.598251,"Unused","serverless-commitmentdiscounttype-52","container-commitmentdiscountunit-52",137.434372,"storage-consumedunit-52",123.716657,613.036829,809.550925,"analytics-invoiceid-52","analytics-invoiceissuername-52",712.873733,850.281118,"Committed","storage-pricingcurrency-52",461.592436,NULL,NULL,988.993772,"volume-pricingunit-52","instance-providername-52","volume-publishername-52","network-regionid-52",NULL,"compute-resourceid-52","database-resourcename-52","analytics-resourcetype-52","Internet of Things","storage-servicename-52","Compute","network-skuid-52","container-skumeter-52",NULL,"storage-skupriceid-52","compute-subaccountid-52","compute-subaccountname-52","volume-subaccounttype-52","{""key"":""value-52""}"
"database-availabilityzone-53",955.729793,"container-billingaccountid-53","serverless-billingaccountname-53","storage-billingaccounttype-53","analytics-billingcurrency-53",2024-01-17 00:38:57,2024-01-13 21:57:47,"container-capacityreservationid-53","Used","Purchase",NULL,"storage-chargedescription-53","Recurring",2024-03-27 22:27:17,2024-05-08 08:21:37,"Spend","database-commitmentdiscountid-53","analytics-commitmentdiscountname-53",-969.775994,"Used",NULL,NULL,736.328617,"database-consumedunit-53",371.151576,635.302956,-239.730738,"gateway-invoiceid-53","container-invoiceissuername-53",400.776135,535.295811,NULL,NULL,NULL,80.891349,993.961839,612.342057,"storage-pricingunit-53","container-providername-53","volume-publishername-53","container-regionid-53","storage-regionname-53","database-resourceid-53","analytics-resourcename-53","storage-resourcetype-53","Mobile","compute-servicename-53","Integration","compute-skuid-53","network-skumeter-53",NULL,"analytics-skupriceid-53","compute-subaccountid-53","database-subaccountname-53","storage-subaccounttype-53","{""key"":""value-53""}"
"analytics-availabilityzone-54",-158.097229,"container-billingaccountid-54","volume-billingaccountname-54","analytics-billingaccounttype-54","volume-billingcurrency-54",2024-08-26 20:25:59,2024-05-14 17:33:44,"analytics-capacityreservationid-54","Unused","Tax",NULL,"gateway-chargedescription-54","One-Time",2024-04-22 14:02:25,2024-03-01 09:54:35,"Usage","storage-commitmentdiscountid-54","instance-commitmentdiscountname-54",NULL,NULL,"volume-commitmentdiscounttype-54","network-commitmentdiscountunit-54",375.401425,"database-consumedunit-54",25.687966,867.536976,356.390147,"compute-invoiceid-54","container-invoiceissuername-54",27.174250,505.787828,"Standard","compute-pricingcurrency-54",702.355305,328.782333,970.886980,348.656893,"compute-pricingunit-54","serverless-providername-54","instance-publishername-54","serverless-regionid-54","volume-regionname-54","serverless-resourceid-54","volume-resourcename-54",NULL,"Mobile","database-servicename-54","AI and Machine Learning","serverless-skuid-54","analytics-skumeter-54",NULL,"storage-skupriceid-54","instance-subaccountid-54","compute-subaccountname-54","serverless-subaccounttype-54","{""key"":""value-54""}"
"container-availabilityzone-55",803.229887,"serverless-billingaccountid-55","network-billingaccountname-55","compute-billingaccounttype-55","instance-billingcurrency-55",2024-04-10 13:41:14,2024-02-20 05:32:34,"volume-capacityreservationid-55",NULL,"Purchase","Correction","gateway-chargedescription-55","Usage-Based",2024-04-24 15:35:24,2024-06-10 05:47:57,"Spend",NULL,"storage-commitmentdiscountname-55",42.318344,"Used","database-commitmentdiscounttype-55","serverless-commitmentdiscountunit-55",569.785640,"network-consumedunit-55",56.965263,987.560687,822.516846,"container-invoiceid-55","database-invoiceissuername-55",901.939070,253.327020,NULL,NULL,660.095328,720.467228,867.394189,581.933230,"storage-pricingunit-55","network-providername-55","container-publishername-55","serverless-regionid-55","network-regionname-55","serverless-resourceid-55","volume-resourcename-55","network-resourcetype-55","Databases","analytics-servicename-55","Databases","network-skuid-55",NULL,NULL,"compute-skupriceid-55","gateway-subaccountid-55","serverless-subaccountname-55","analytics-subaccounttype-55","{""key"":""value-55""}"
"instance-availabilityzone-56",721.359834,"database-billingaccountid-56","volume-billingaccountname-56","analytics-billingaccounttype-56","analytics-billingcurrency-56",2024-01-10 23:17:07,2024-08-07 19:05:12,"volume-capacityreservationid-56","Used","Tax","Correction","instance-chargedescription-56","One-Time",2024-09-21 21:24:49,2024-01-02 06:31:06,"Spend","serverless-commitmentdiscountid-56","compute-commitmentdiscountname-56",NULL,NULL,"container-commitmentdiscounttype-56",NULL,863.596502,"network-consumedunit-56",442.888482,520.725467,972.933719,"storage-invoiceid-56","analytics-invoiceissuername-56",676.316204,266.322140,"Committed","compute-pricingcurrency-56",96.956759,593.684329,454.594425,825.954294,"volume-pricingunit-56","instance-providername-56","compute-publishername-56","gateway-regionid-56","serverless-regionname-56","instance-resourceid-56","compute-resourcename-56","storage-resourcetype-56","Migration","gateway-servicename-56","Management and Governance","network-skuid-56","database-skumeter-56",NULL,"compute-skupriceid-56","database-subaccountid-56","volume-subaccountname-56","network-subaccounttype-56","{""key"":""value-56""}"
"storage-availabilityzone-57",661.162184,"database-billingaccountid-57","container-billingaccountname-57","storage-billingaccounttype-57","volume-billingcurrency-57",2024-02-21 01:32:54,2024-06-13 13:29:04,"analytics-capacityreservationid-57","Used","Tax","Correction","compute-chargedescription-57","Usage-Based",2024-07-20 09:05:59,2024-01-04 11:46:38,"Usage","database-commitmentdiscountid-57","database-commitmentdiscountname-57",189.279866,"Used","storage-commitmentdiscounttype-57","compute-commitmentdiscountunit-57",123.383331,"serverless-consumedunit-57",602.664267,351.759387,147.134816,"storage-invoiceid-57","serverless-invoiceissuername-57",639.874796,NULL,"Other","instance-pricingcurrency-57",811.544003,107.785986,11.503145,185.446530,"container-pricingunit-57","volume-providername-57","compute-publishername-57","network-regionid-57","container-regionname-57","volume-resourceid-57","serverless-resourcename-57","volume-resourcetype-57","Multicloud","compute-servicename-57","Analytics","compute-skuid-57","network-skumeter-57",NULL,NULL,"analytics-subaccountid-57","gateway-subaccountname-57","analytics-subaccounttype-57","{""key"":""value-57""}"
NULL,360.756694,"container-billingaccountid-58",NULL,"analytics-billingaccounttype-58","storage-billingcurrency-58",2024-02-21 02:30:27,2024-07-22 14:55:46,"serverless-capacityreservationid-58","Unused","Tax","Correction","gateway-chargedescription-58","Usage-Based",2024-07-22 21:56:29,2024-09-20 10:56:57,"Usage","gateway-commitmentdiscountid-58","compute-commitmentdiscountname-58",NULL,"Unused","storage-commitmentdiscounttype-58","compute-commitmentdiscountunit-58",332.717161,"gateway-consumedunit-58",404.233446,NULL,880.039495,"gateway-invoiceid-58","database-invoiceissuername-58",939.866628,221.981800,"Committed","analytics-pricingcurrency-58",434.760132,233.634736,374.389312,171.891786,"container-pricingunit-58","analytics-providername-58","instance-publishername-58","volume-regionid-58","container-regionname-58","gateway-resourceid-58","serverless-resourcename-58","container-resourcetype-58","Business Applications","instance-servicename-58","Management and Governance","network-skuid-58","analytics-skumeter-58",NULL,"analytics-skupriceid-58","instance-subaccountid-58","storage-subaccountname-58",NULL,NULL
"instance-availabilityzone-59",241.908039,"database-billingaccountid-59","analytics-billingaccountname-59","volume-billingaccounttype-59","network-billingcurrency-59",2024-05-01 20:26:37,2024-12-27 07:10:01,"storage-capacityreservationid-59","Used","Purchase","Correction","gateway-chargedescription-59","One-Time",2024-02-11 17:35:20,2024-09-08 08:08:56,"Usage","container-commitmentdiscountid-59","serverless-commitmentdiscountname-59",289.186899,"Unused","serverless-commitmentdiscounttype-59","volume-commitmentdiscountunit-59",664.890267,"database-consumedunit-59",755.411323,393.215425,391.468840,"database-invoiceid-59","compute-invoiceissuername-59",628.845151,485.332657,"Dynamic","serverless-pricingcurrency-59",240.192658,946.369091,620.775428,381.243343,"analytics-pricingunit-59","gateway-providername-59","network-publishername-59","analytics-regionid-59","storage-regionname-59","gateway-resourceid-59","container-resourcename-59","container-resourcetype-59","Migration","compute-servicename-59","Internet of Things","analytics-skuid-59",NULL,NULL,"serverless-skupriceid-59","storage-subaccountid-59",NULL,"network-subaccounttype-59",NULL
"storage-availabilityzone-60",343.702336,"network-billingaccountid-60","analytics-billingaccountname-60","gateway-billingaccounttype-60","analytics-billingcurrency-60",2024-07-13 05:58:26,2024-08-03 12:46:15,"volume-capacityreservationid-60","Used","Tax","Correction",NULL,"One-Time",2024-04-03 06:17:23,2024-04-02 00:36:03,"Spend","volume-commitmentdiscountid-60",NULL,883.420559,NULL,NULL,"analytics-commitmentdiscountunit-60",638.837198,"serverless-consumedunit-60",305.370518,647.929518,535.381175,NULL,"serverless-invoiceissuername-60",571.465572,127.369456,"Standard","compute-pricingcurrency-60",837.315234,NULL,282.332846,998.828791,"storage-pricingunit-60","instance-providername-60","instance-publishername-60","instance-regionid-60",NULL,"database-resourceid-60","serverless-resourcename-60","gateway-resourcetype-60","Management and Governance","serverless-servicename-60","Integration","serverless-skuid-60",NULL,NULL,NULL,NULL,"serverless-subaccountname-60",NULL,"{""key"":""value-60""}"
